{
  "customers": [
    {
      "id": 1,
      "firstName": "Gavin",
      "lastName": "King",
      "gender": "male",
      "orders": [
        {
          "product": "iPhone 6",
          "price": 56000,
          "quantity": 1
        },
        {
          "product": "Reynolds Pen",
          "price": 45.66,
          "quantity": 3
        }
      ]
    },
    {
      "id": 2,
      "firstName": "Larry",
      "lastName": "Page",
      "gender": "male",
      "orders": [
        {
          "product": "Moto G",
          "price": 12990,
          "quantity": 1
        }
      ]
    },
    {
      "id": 3,
      "firstName": "Anitha",
      "lastName": "Kumar",
      "gender": "female",
      "orders": [
        {
          "product": "iPhone 6",
          "price": 56000,
          "quantity": 1
        },
        {
          "product": "Reynolds Pen",
          "price": 45.66,
          "quantity": 3
        }
      ]
    },
    {
      "id": 4,
      "firstName": "Karthik",
      "lastName": "Kumar",
      "gender": "male",
      "orders": [
        {
          "product": "Samsung WM",
          "price": 35000,
          "quantity": 1
        },
        {
          "product": "LG Micro Oven",
          "price": 22000,
          "quantity": 1
        }
      ]
    },
    {
      "id": 5,
      "firstName": "Sunita",
      "lastName": "Williams",
      "gender": "female"
    }
  ],
  "orders": [
    {
      "product": "first",
      "quantity": 12,
      "customer": 1
    },
    {
      "product": "second",
      "quantity": 1,
      "customer": 3
    }
  ]
}